ID,MONTH,TEMP_F,RAIN_I
13,1,57.4,0.32
13,7,91.7,5.16
44,1,27.3,0.19
44,7,74.9,2.1199999999999997
66,1,6.7,2.11
66,7,65.8,4.529999999999999
